Farmer_ID,Age,Education_Level,Land_Acres,Land_Ownership,Land_Value,Crop_Type,Yield_Last_Year,Yield_This_Year,Irrigation_Availability,Soil_Fertility_Score,Mechanization_Level,Annual_Farm_Income,Off_Farm_Income,Input_Expenditure,Loan_Repayment_History,Existing_Loans_Amount,Previous_Defaults,Has_Insurance,Market_Access,Storage_Facilities,Govt_Support,Household_Size,Credit_Score,Eligible_Loan_Amount
F001,45,Graduate,4.37,Leased,440758,Rice,2294,2568,Partial,9,None,237337,82386,137498,Poor,112727,0,Yes,Hard,Yes,No,5,475,201309
F002,48,Primary,2.29,Leased,323096,Millet,2685,2461,Partial,6,None,427069,67969,55311,Fair,103355,0,Yes,Easy,Yes,No,2,593,278029
F003,51,Graduate,3.74,Owned,481311,Maize,3300,3397,None,5,Semi,446622,18431,180523,Excellent,2747,3,Yes,Easy,Yes,No,7,633,367113
F004,27,Primary,1.82,Owned,247106,Wheat,1562,1585,None,7,Semi,103890,41606,137313,Fair,141699,0,No,Hard,Yes,No,5,560,122848
F005,31,Primary,6.07,Leased,868016,Pulses,2363,2297,Full,6,Full,356508,17159,160510,Good,106530,1,No,Moderate,Yes,No,2,523,400266
F006,28,Graduate,3.33,Leased,564365,Wheat,2021,2134,Full,8,Semi,371836,45758,87065,Fair,99299,1,Yes,Moderate,Yes,No,7,530,310116
F007,42,Primary,2.76,Owned,278804,Wheat,3343,3855,None,9,Semi,109268,86807,62185,Good,139643,0,No,Easy,Yes,Yes,2,692,167841
F008,33,Secondary,3.67,Owned,591706,Pulses,1064,962,None,3,Semi,560779,2695,174375,Excellent,136330,2,No,Moderate,No,Yes,2,583,419936
F009,52,Secondary,7.4,Owned,1197749,Soybean,3336,3608,None,9,Semi,370536,30535,163569,Poor,52256,3,Yes,Easy,No,Yes,7,469,459703
F010,59,None,3.93,Owned,771671,Wheat,2895,2844,Full,3,None,591234,8110,148806,Excellent,137982,1,Yes,Hard,Yes,No,4,705,600530
F011,37,None,5.7,Leased,1066207,Maize,2881,2614,None,5,Semi,345310,50015,172096,Good,107059,0,No,Moderate,No,Yes,5,577,509028
F012,37,Primary,9.17,Owned,1576414,Rice,2678,3017,None,9,Semi,437594,93426,167845,Poor,43585,1,Yes,Easy,Yes,No,6,615,774134
F013,44,Secondary,3.66,Owned,375856,Rice,1795,2048,Full,8,Semi,536157,21834,68047,Excellent,26105,2,No,Moderate,No,No,5,651,371075
F014,37,Primary,4.21,Owned,521096,Wheat,2408,2331,None,3,None,502690,58053,71959,Poor,136602,0,No,Easy,No,No,7,484,309695
F015,39,None,3.0,Owned,594294,Soybean,2257,2259,Full,5,None,455701,61087,118840,Fair,118451,0,No,Hard,No,No,7,584,383248
F016,26,Secondary,9.75,Owned,1579529,Wheat,2291,2234,None,5,Semi,516880,67172,143264,Excellent,26736,1,Yes,Hard,Yes,No,3,774,1014137
F017,43,Graduate,4.7,Leased,474013,Wheat,2759,3234,None,8,None,318164,50859,175657,Fair,70467,2,Yes,Moderate,No,Yes,4,461,228245
F018,29,None,4.33,Leased,487939,Rice,1766,2014,Partial,6,Full,206081,65733,139045,Fair,34698,2,Yes,Hard,No,No,2,423,183481
F019,43,Graduate,2.36,Owned,439436,Pulses,2794,3009,None,4,Semi,134754,95742,192483,Good,133983,2,Yes,Easy,No,Yes,5,558,200248
F020,25,Secondary,9.46,Owned,1739495,Pulses,2663,2810,Partial,5,None,108155,73656,89384,Poor,112561,2,No,Easy,No,Yes,7,417,481543
F021,26,None,7.26,Leased,846849,Millet,2787,2654,None,3,Semi,465871,20932,167796,Good,29855,2,No,Hard,Yes,Yes,2,432,354434
F022,48,Primary,3.51,Leased,500673,Wheat,3255,3805,Full,8,Semi,488215,59040,62183,Excellent,143946,0,Yes,Moderate,Yes,No,5,736,454888
F023,49,Secondary,9.09,Leased,1465917,Millet,1253,1131,Partial,5,Semi,233272,68497,71357,Good,119121,1,No,Moderate,No,Yes,7,525,557546
F024,28,Primary,5.04,Leased,756544,Cotton,2704,2576,Full,3,Semi,453556,86831,185059,Fair,58871,3,Yes,Moderate,No,Yes,4,355,268490
F025,46,Secondary,6.92,Leased,996922,Millet,1459,1535,None,9,Full,510645,6893,166381,Poor,47333,0,No,Moderate,Yes,No,4,483,455096
F026,54,Graduate,9.03,Leased,1081234,Millet,3074,3499,Full,3,Full,533006,5600,143179,Fair,45714,3,Yes,Moderate,No,No,4,380,383382
F027,30,Primary,7.92,Owned,1376052,Cotton,2243,2334,Full,5,Semi,263707,63208,83828,Good,149783,0,No,Moderate,Yes,Yes,2,662,678450
F028,45,Secondary,5.97,Owned,992422,Cotton,1992,1837,Partial,9,Full,281408,85314,76641,Good,103746,3,Yes,Easy,Yes,Yes,7,617,491220
F029,51,Primary,1.87,Leased,323493,Pulses,2686,2530,Full,4,Semi,330785,45017,155864,Good,130858,1,No,Hard,No,No,6,462,188922
F030,48,Graduate,3.67,Leased,549358,Maize,2890,2823,Full,7,Semi,319963,87545,160627,Fair,70316,3,Yes,Hard,Yes,No,2,390,211896
F031,39,None,1.64,Owned,278850,Pulses,1971,2298,Partial,6,Full,132097,78657,192038,Poor,124862,1,Yes,Easy,Yes,No,4,470,120715
F032,46,None,5.19,Leased,777077,Rice,2148,2473,Full,3,Full,170313,53006,145285,Good,146410,3,No,Moderate,Yes,Yes,6,333,197175
F033,29,Secondary,5.7,Owned,681195,Wheat,2595,2503,Full,9,None,187235,54021,123523,Poor,94476,1,No,Moderate,Yes,Yes,5,453,245874
F034,43,Secondary,7.43,Leased,1425029,Soybean,1656,1688,Partial,6,Full,203481,25945,140852,Excellent,32217,0,Yes,Moderate,No,Yes,7,729,741989
F035,25,Secondary,8.52,Leased,1614369,Soybean,2931,2997,Full,9,None,277247,7805,55237,Good,20056,3,Yes,Hard,No,Yes,6,532,628962
F036,29,Primary,3.52,Owned,363767,Maize,2212,2480,Full,8,Full,352764,59638,117215,Poor,69042,0,No,Easy,Yes,No,7,540,241829
F037,54,Primary,1.13,Leased,182369,Cotton,2243,2049,Full,8,Full,178781,60403,93919,Fair,121172,2,No,Moderate,Yes,No,5,380,85773
F038,34,Secondary,2.56,Leased,407298,Maize,1356,1382,Partial,8,None,460260,97379,118385,Excellent,126131,2,No,Hard,No,Yes,3,560,303645
F039,28,None,6.63,Leased,728126,Cotton,2015,2211,Full,9,None,262049,94704,99115,Fair,91007,3,No,Easy,Yes,No,4,413,255588
F040,36,Graduate,8.21,Leased,1307647,Pulses,3427,3216,None,5,Semi,591072,38304,119449,Fair,82986,3,No,Moderate,Yes,Yes,6,375,445012
F041,41,Secondary,1.62,Owned,224360,Wheat,1753,1936,Full,4,Full,125351,88668,164585,Good,146377,1,Yes,Easy,No,No,7,606,132453
F042,35,Primary,8.33,Owned,1002582,Maize,1825,2023,Full,7,Full,107543,33496,110692,Good,44425,0,No,Hard,Yes,Yes,2,663,460008
F043,56,Secondary,6.12,Owned,1120217,Cotton,2571,2600,Partial,9,Full,500573,32479,111476,Fair,44811,0,Yes,Hard,Yes,Yes,6,728,737459
F044,44,None,7.66,Leased,1290327,Rice,1872,1896,None,3,Semi,543733,66234,89954,Fair,79459,3,Yes,Hard,No,No,6,389,445905
F045,38,Graduate,9.15,Owned,1252991,Soybean,1264,1258,Full,9,Semi,295967,32307,104098,Fair,5486,3,No,Moderate,Yes,Yes,6,486,470495
F046,47,Primary,1.83,Leased,346074,Pulses,2492,2805,Partial,3,Full,363206,84076,139780,Poor,21689,2,Yes,Moderate,No,No,7,300,132990
F047,35,Primary,5.95,Owned,650620,Rice,2238,2380,None,4,None,203150,72267,51542,Excellent,21677,0,No,Hard,No,Yes,3,691,368721
F048,43,Graduate,4.57,Owned,863081,Soybean,2217,2049,Full,7,None,257504,83285,182396,Poor,91267,3,No,Moderate,No,No,7,319,223416
F049,51,Secondary,7.37,Owned,991839,Cotton,3492,3538,Partial,4,None,548345,93714,65485,Poor,44482,0,Yes,Hard,No,Yes,6,542,521737
F050,32,Primary,4.65,Leased,482246,Rice,2081,2335,None,7,Semi,256542,42344,92918,Poor,52224,2,Yes,Moderate,No,No,6,332,153298
F051,49,Primary,3.14,Leased,521365,Maize,2214,2309,None,3,None,465477,67641,86395,Poor,129695,0,Yes,Hard,Yes,Yes,6,411,253495
F052,59,None,3.9,Owned,470180,Soybean,1202,1413,Partial,5,Full,375987,71726,67640,Fair,52528,1,No,Easy,No,No,2,553,292456
F053,36,None,6.65,Owned,1122958,Millet,1470,1343,Full,4,None,504191,11023,71447,Excellent,125899,3,Yes,Hard,Yes,No,5,610,620350
F054,32,Primary,4.02,Owned,439534,Rice,2371,2594,Partial,4,None,205787,31921,83307,Poor,127016,3,Yes,Easy,Yes,No,4,336,135517
F055,37,Primary,7.28,Leased,1005280,Cotton,1928,1973,None,6,None,459151,82844,77532,Poor,122402,0,Yes,Moderate,Yes,No,7,480,439329
F056,26,Primary,9.55,Owned,1426836,Millet,1708,1851,None,4,Semi,578007,58141,106570,Fair,1015,0,Yes,Easy,Yes,No,7,719,900926
F057,45,None,8.29,Owned,898760,Cotton,2262,2137,Partial,4,None,235230,62680,70309,Poor,6970,2,Yes,Moderate,Yes,Yes,2,388,274992
F058,25,Secondary,8.54,Leased,1007865,Wheat,3152,3229,Full,7,Full,534159,47926,62763,Excellent,149456,0,No,Moderate,Yes,No,6,701,675599
F059,41,Secondary,9.97,Owned,1501601,Maize,1713,1978,None,7,Semi,549613,38765,95106,Good,53932,0,Yes,Easy,Yes,No,5,822,1053811
F060,52,Primary,3.06,Owned,421496,Soybean,1487,1614,None,9,Full,238311,14489,111877,Excellent,49922,2,No,Hard,No,Yes,3,637,262685
F061,41,None,8.67,Owned,1508259,Millet,1388,1286,Full,9,Full,512974,15254,94238,Fair,1252,0,Yes,Moderate,No,No,7,751,948716
F062,58,Secondary,7.34,Leased,1128025,Maize,3150,2963,Full,8,Full,338897,55393,188013,Poor,25934,2,Yes,Hard,No,Yes,4,388,355728
F063,48,Primary,9.14,Leased,1674914,Wheat,1248,1315,Partial,9,Semi,350875,70173,120390,Poor,43088,0,No,Easy,No,Yes,6,541,684969
F064,44,None,2.32,Leased,360711,Millet,2353,2660,None,7,None,323777,73477,64388,Excellent,5569,0,No,Hard,Yes,No,7,655,280212
F065,47,None,6.7,Owned,750500,Pulses,2906,3083,Full,9,Semi,311791,71774,187162,Good,142709,3,Yes,Easy,Yes,Yes,5,606,402342
F066,53,Primary,2.64,Owned,372873,Millet,2887,3008,Partial,4,Semi,128732,11314,107108,Good,111195,1,No,Hard,Yes,Yes,6,525,164589
F067,58,Graduate,1.29,Leased,180276,Maize,3280,3302,Full,3,Full,191865,81818,73624,Good,23321,0,Yes,Moderate,Yes,Yes,2,542,126062
F068,41,Primary,7.19,Leased,1119087,Millet,1106,1300,Full,4,Full,164291,79104,177600,Fair,50428,3,No,Easy,Yes,Yes,7,349,279936
F069,50,Graduate,3.13,Leased,402827,Millet,3125,3246,Full,8,None,246106,5126,186194,Fair,18030,2,Yes,Easy,No,No,7,493,199952
F070,49,None,7.75,Leased,1294769,Wheat,2906,2826,Partial,9,Full,473220,10267,51062,Fair,50448,2,No,Moderate,Yes,No,7,484,534816
F071,44,Secondary,3.95,Owned,584264,Wheat,1536,1792,None,3,Semi,208099,7561,132152,Fair,125036,1,No,Easy,Yes,Yes,5,508,251575
F072,43,None,5.83,Leased,1048846,Maize,1622,1822,Partial,4,Full,462920,60004,98447,Fair,126394,3,Yes,Moderate,Yes,No,4,382,360934
F073,45,None,9.88,Leased,1025662,Maize,2312,2086,Full,8,Semi,101605,71158,122303,Excellent,76125,2,Yes,Hard,No,Yes,2,607,427656
F074,48,Secondary,1.72,Owned,214686,Wheat,2063,2288,Partial,9,Semi,116389,41427,172883,Excellent,131189,0,Yes,Hard,Yes,No,7,780,161399
F075,35,Primary,2.54,Leased,287614,Maize,2464,2748,Full,4,None,408658,88236,147579,Poor,137541,1,No,Hard,Yes,No,7,300,130551
F076,36,Secondary,7.4,Owned,1169695,Maize,1224,1371,None,9,Full,429728,78477,92533,Poor,1828,1,No,Hard,No,Yes,4,506,505817
F077,34,Secondary,9.39,Leased,1383729,Pulses,1901,1902,Partial,7,None,187958,9865,183291,Good,39809,0,Yes,Hard,No,Yes,3,660,648320
F078,33,None,1.79,Owned,181402,Rice,2636,2374,Partial,5,Full,193070,79767,147829,Poor,42078,0,No,Easy,No,No,6,471,110235
F079,35,Primary,8.48,Leased,849992,Wheat,2969,2782,Partial,3,Full,296513,84555,123698,Poor,124450,0,No,Hard,Yes,Yes,7,360,257963
F080,54,Secondary,1.43,Owned,267964,Millet,1872,2106,None,5,None,448884,15524,181149,Poor,125501,3,No,Moderate,No,No,2,300,134409
F081,38,None,8.89,Owned,1636257,Wheat,3449,3949,Full,5,Full,435484,72101,152974,Poor,149646,0,Yes,Easy,Yes,No,2,612,792440
F082,30,None,4.2,Owned,467233,Maize,1502,1591,Partial,8,None,323810,96646,133122,Excellent,24519,1,No,Moderate,No,No,5,694,343114
F083,51,Primary,8.15,Owned,1396290,Rice,2312,2450,Partial,6,Semi,151356,10789,147720,Poor,66656,0,No,Moderate,Yes,No,6,501,484606
F084,26,None,8.01,Leased,819711,Pulses,2277,2189,Partial,4,Full,465060,43872,96197,Good,125733,0,No,Hard,Yes,Yes,5,561,450472
F085,29,Graduate,5.11,Leased,840262,Wheat,3062,3488,None,7,None,114382,84291,151195,Poor,134828,1,No,Hard,No,Yes,4,341,203458
F086,51,Secondary,6.77,Leased,945538,Cotton,2955,3140,Partial,7,Full,171315,77834,176205,Fair,14153,3,Yes,Hard,Yes,Yes,7,398,277817
F087,36,Secondary,3.05,Owned,473719,Pulses,1814,1789,Full,4,None,306988,73319,175885,Excellent,109777,0,Yes,Easy,Yes,No,2,778,379618
F088,29,None,1.16,Owned,230991,Cotton,1355,1592,Partial,7,Semi,466407,126,102329,Good,27632,3,No,Easy,No,No,3,521,227090
F089,45,Secondary,1.62,Owned,301426,Maize,2430,2276,Partial,4,None,232717,47523,174085,Fair,117718,0,Yes,Easy,No,No,2,622,207648
F090,45,Graduate,8.83,Owned,1213506,Wheat,3418,3682,Partial,9,None,418408,75060,107545,Poor,39224,0,Yes,Moderate,Yes,No,3,615,627266
F091,35,Primary,4.0,Leased,500600,Millet,3291,3492,Full,8,Full,239649,8070,176161,Poor,8666,1,Yes,Moderate,Yes,No,4,408,188763
F092,48,Graduate,5.07,Owned,719503,Millet,1875,2200,None,3,None,429670,70835,69956,Poor,46240,0,Yes,Hard,Yes,Yes,6,501,359834
F093,31,None,6.23,Owned,652636,Soybean,3203,3087,Full,3,Full,146163,19816,102853,Excellent,96731,2,Yes,Hard,Yes,No,6,597,298051
F094,54,Secondary,2.66,Owned,321343,Rice,2792,2772,Partial,9,Full,233554,24442,143501,Poor,2079,1,Yes,Easy,Yes,Yes,6,534,185196
F095,43,None,6.62,Leased,943085,Pulses,1285,1478,Partial,4,Full,526752,64077,88258,Excellent,137717,3,No,Moderate,Yes,Yes,2,472,433601
F096,25,Primary,4.61,Leased,638784,Millet,1946,1842,Full,7,Semi,374486,40806,98770,Excellent,78623,1,Yes,Hard,Yes,Yes,3,660,417973
F097,56,Graduate,9.08,Leased,1385635,Pulses,3134,3740,Partial,4,None,316454,81244,159575,Excellent,110904,2,Yes,Easy,Yes,No,4,625,664878
F098,27,None,3.08,Leased,542751,Cotton,2790,2527,Partial,5,None,255232,85595,151358,Good,64929,2,No,Moderate,Yes,Yes,7,424,211465
F099,45,Primary,6.43,Owned,1186064,Maize,1451,1717,Partial,8,None,344446,66358,198399,Poor,47057,2,No,Easy,Yes,Yes,3,461,440978
F100,43,None,1.77,Leased,180890,Cotton,1146,1073,None,6,Full,543676,31419,168865,Fair,139777,0,Yes,Easy,No,No,6,596,269900
F101,36,None,4.08,Owned,470660,Cotton,2409,2430,None,6,Semi,114596,33572,182351,Fair,111496,1,Yes,Hard,No,No,6,549,200815
F102,54,Secondary,3.65,Leased,429864,Maize,2303,2151,None,5,Semi,190093,86143,85954,Poor,27856,1,No,Easy,No,Yes,2,344,133290
F103,28,Primary,5.87,Leased,1171698,Wheat,2781,3041,Full,4,None,338009,76908,176678,Poor,74532,2,Yes,Hard,Yes,Yes,7,328,309489
F104,58,None,9.23,Leased,1488503,Millet,3089,3314,Partial,3,None,515396,97432,171829,Good,128377,3,Yes,Easy,Yes,No,6,494,618703
F105,30,None,1.1,Owned,177535,Millet,3074,3596,None,5,Semi,104263,96523,97924,Excellent,74182,1,No,Hard,Yes,Yes,6,610,107435
F106,26,None,8.54,Owned,1618868,Soybean,1701,1795,None,6,Semi,138709,61120,71172,Poor,11555,2,No,Easy,No,No,3,434,476742
F107,59,Primary,1.61,Owned,246333,Maize,2319,2391,Full,8,None,521985,53302,54853,Excellent,120900,3,Yes,Easy,No,No,2,668,320772
F108,41,Primary,3.43,Leased,598459,Cotton,2762,3183,Full,8,None,255130,45420,88890,Good,66017,0,Yes,Hard,No,Yes,3,642,342502
F109,49,Graduate,5.27,Leased,606302,Pulses,3343,3739,Partial,7,Semi,305738,83559,105337,Poor,110616,2,Yes,Hard,No,No,4,340,193808
F110,54,Primary,8.37,Owned,1121747,Wheat,1107,1227,Partial,8,Semi,188929,23051,101474,Good,91748,3,No,Easy,Yes,No,4,550,450544
F111,36,Primary,9.26,Leased,1257248,Millet,2040,2417,Partial,8,None,275695,90327,181410,Excellent,143326,0,No,Moderate,Yes,No,2,703,673536
F112,42,Primary,6.93,Owned,1163942,Pulses,1709,2040,None,3,Full,351147,77454,140600,Poor,122732,1,Yes,Moderate,No,Yes,3,452,428012
F113,31,Primary,6.29,Leased,705624,Cotton,2817,3015,Partial,8,Full,268270,8820,74070,Excellent,142194,3,No,Moderate,No,No,3,494,300689
F114,59,Primary,4.8,Leased,959059,Millet,1989,1822,Partial,4,None,511066,66150,137312,Fair,89613,2,No,Hard,Yes,Yes,4,394,362018
F115,50,Graduate,6.05,Owned,950648,Pulses,2121,2472,None,9,Semi,385654,78187,144071,Good,6640,3,No,Hard,No,Yes,6,540,451001
F116,26,Secondary,6.95,Leased,747569,Rice,1015,1043,None,9,Semi,223618,52393,175341,Fair,29430,0,No,Easy,Yes,Yes,6,593,359946
F117,53,Primary,4.46,Leased,508078,Rice,2914,3494,Full,8,None,282256,61916,123972,Good,12984,3,Yes,Easy,No,Yes,5,502,247967
F118,54,None,9.86,Owned,1479709,Maize,1339,1501,Partial,3,Semi,102050,33933,74951,Fair,32413,1,No,Hard,No,Yes,5,507,501219
F119,39,Secondary,7.44,Leased,1046064,Soybean,1431,1295,None,3,None,497710,80688,172744,Poor,89431,3,Yes,Hard,No,No,5,300,289457
F120,30,None,9.61,Owned,1608368,Maize,3108,3038,Full,9,None,486487,56638,178301,Poor,126295,2,No,Easy,Yes,Yes,7,507,663807
F121,44,None,6.52,Leased,966785,Soybean,1771,1716,None,7,Full,574686,38197,91844,Fair,64754,0,Yes,Moderate,No,No,7,617,594429
F122,27,Secondary,3.08,Leased,497928,Rice,1824,1762,None,8,Semi,574628,50948,123781,Excellent,66262,0,No,Moderate,No,Yes,2,699,468572
F123,59,Secondary,9.35,Owned,1106076,Pulses,2776,2643,None,4,Full,518641,26685,162855,Fair,7906,1,Yes,Moderate,No,No,6,596,605207
F124,58,None,3.01,Leased,529031,Pulses,3376,3944,Full,5,Full,183560,23874,93642,Poor,65160,2,No,Moderate,No,No,2,300,133610
F125,49,Primary,8.67,Leased,1685248,Wheat,1520,1518,None,7,None,551978,50106,131121,Poor,25559,3,No,Moderate,Yes,Yes,7,313,437657
F126,30,Graduate,3.34,Owned,347266,Rice,2199,2306,Partial,7,Semi,488411,9903,184092,Fair,41755,0,Yes,Moderate,Yes,No,6,659,344194
F127,27,None,8.66,Owned,948408,Rice,3271,3450,Partial,4,None,433863,92108,149616,Poor,124165,3,Yes,Easy,Yes,No,4,384,331745
F128,37,Primary,8.81,Leased,1477216,Wheat,3400,3220,Partial,5,Semi,282828,97624,161785,Fair,86206,2,No,Moderate,Yes,Yes,7,412,453211
F129,55,None,2.7,Owned,441774,Cotton,1556,1807,Partial,9,Semi,178249,2719,92534,Good,92241,3,Yes,Moderate,Yes,No,3,540,209257
F130,56,Secondary,8.49,Owned,1631132,Cotton,2547,2297,None,7,Semi,553677,75418,178232,Fair,144059,3,Yes,Moderate,Yes,No,6,544,742835
F131,56,Secondary,8.02,Owned,1371267,Pulses,3461,3134,Full,4,None,423390,1435,141357,Excellent,136156,1,No,Easy,No,Yes,5,724,812082
F132,41,Primary,2.56,Leased,372579,Wheat,2265,2682,Full,6,Semi,485941,63888,123609,Poor,9077,0,No,Easy,Yes,No,7,446,239312
F133,36,Graduate,6.59,Leased,1106388,Wheat,1703,1878,Partial,6,Semi,584090,87266,150732,Good,27083,2,Yes,Hard,No,Yes,6,552,583214
F134,35,Graduate,1.2,Owned,129375,Cotton,3126,3581,Partial,4,Full,327286,44569,61745,Excellent,26029,1,Yes,Easy,No,No,6,707,201787
F135,39,None,9.5,Owned,1797267,Soybean,3444,3982,None,9,Semi,594364,75932,198554,Poor,23411,3,Yes,Hard,No,Yes,3,483,721973
F136,52,Primary,7.96,Owned,1212363,Cotton,2562,2972,Partial,7,None,153268,39214,98901,Excellent,99986,0,Yes,Moderate,Yes,No,6,805,687083
F137,39,None,9.86,Owned,1059200,Rice,1569,1832,Partial,4,Semi,495196,48290,76431,Excellent,84976,0,No,Hard,No,Yes,5,738,716965
F138,49,Graduate,6.06,Leased,745495,Soybean,3255,3459,Partial,3,Full,529660,68916,189783,Excellent,82970,1,No,Hard,Yes,No,3,571,455070
F139,48,Primary,7.85,Leased,1270035,Rice,1959,1935,Partial,6,None,546841,52098,196323,Excellent,122413,2,Yes,Easy,No,Yes,2,672,763087
F140,33,Secondary,1.01,Owned,112651,Soybean,2259,2200,Partial,8,None,427599,74744,179749,Fair,5109,0,No,Hard,No,Yes,6,608,205295
F141,41,None,6.31,Owned,1151593,Cotton,1394,1666,Partial,7,None,354225,26589,133309,Good,126446,2,No,Easy,No,No,7,611,575034
F142,32,Primary,3.62,Leased,440930,Millet,1728,2001,None,5,Full,264053,69298,96167,Excellent,39499,0,Yes,Moderate,Yes,Yes,7,671,295652
F143,44,Graduate,2.28,Owned,397447,Maize,2333,2532,Partial,3,Semi,436585,74663,72431,Fair,61681,3,No,Moderate,Yes,No,2,365,190263
F144,57,Secondary,5.66,Owned,721219,Maize,2768,2782,Full,7,Full,474899,56985,100069,Good,52326,1,No,Moderate,No,Yes,7,625,467233
F145,58,Graduate,6.11,Owned,921760,Cotton,3169,3613,Full,4,Semi,109078,25003,112768,Poor,51047,2,Yes,Moderate,No,No,6,374,240958
F146,55,None,7.36,Owned,750168,Millet,3056,3608,Partial,3,Semi,427025,90827,152215,Poor,134461,3,No,Hard,Yes,No,7,300,220723
F147,28,Primary,6.51,Leased,824361,Millet,1458,1703,Full,8,Semi,259033,81941,83662,Good,98818,2,No,Moderate,No,No,2,482,326372
F148,36,Primary,2.48,Owned,339454,Millet,1970,2201,Partial,9,None,210091,1560,129148,Poor,83186,1,No,Easy,Yes,Yes,4,478,164176
F149,56,Primary,9.78,Owned,1492222,Rice,1684,1607,Partial,5,Full,320971,20049,155361,Fair,16082,1,No,Hard,No,Yes,6,560,634617
F150,34,Graduate,9.97,Owned,1026112,Maize,2082,2279,None,5,Semi,325314,45500,66309,Good,55230,2,Yes,Easy,No,No,2,626,528745
F151,48,Graduate,8.56,Owned,1476950,Rice,2748,3072,None,6,Full,541124,78339,75963,Poor,101757,3,No,Hard,No,Yes,5,362,456589
F152,58,Graduate,1.36,Owned,245912,Millet,1607,1729,Partial,6,Semi,143585,26958,76017,Good,124677,2,No,Moderate,Yes,No,3,490,119283
F153,27,Secondary,9.93,Leased,1442243,Rice,2269,2286,None,7,Full,592049,84878,107056,Good,19975,3,No,Hard,No,No,7,475,603930
F154,29,Primary,2.62,Owned,435079,Millet,3381,3562,None,8,Semi,488076,4648,146059,Poor,98317,3,Yes,Moderate,Yes,Yes,2,385,222134
F155,49,None,6.96,Owned,1178676,Maize,1837,2012,None,3,None,429793,64674,194832,Good,86475,3,Yes,Easy,Yes,No,5,552,554921
F156,34,Graduate,9.73,Owned,1481227,Millet,1629,1549,Full,7,Semi,482729,76619,161453,Excellent,19816,0,No,Hard,No,Yes,6,806,989342
F157,44,None,3.24,Leased,581677,Millet,3360,3192,Full,6,None,316184,35946,105204,Fair,15563,0,Yes,Hard,No,No,2,559,313690
F158,39,None,8.6,Leased,1084933,Maize,2847,3062,Full,8,Full,231691,83194,84707,Fair,81537,0,Yes,Easy,No,Yes,6,643,529118
F159,29,None,9.43,Leased,1201570,Pulses,3166,3062,None,3,Full,240272,64178,83997,Good,119273,3,Yes,Moderate,Yes,No,6,413,372175
F160,55,Graduate,5.32,Owned,881316,Pulses,1216,1327,None,9,None,106570,68785,59110,Good,79141,3,No,Hard,Yes,No,7,505,311801
F161,45,Primary,3.77,Leased,384423,Pulses,1891,2083,Partial,3,None,254268,13669,174398,Good,110677,2,No,Hard,Yes,Yes,3,384,153285
F162,42,Primary,6.95,Leased,803260,Rice,3474,3838,Partial,3,None,386233,36487,160448,Good,50138,3,No,Moderate,No,Yes,2,361,268379
F163,29,Primary,7.21,Owned,950926,Soybean,2310,2535,Partial,3,Full,210169,8125,86059,Excellent,103409,3,Yes,Moderate,No,No,7,558,404931
F164,33,None,3.86,Leased,619823,Wheat,2112,2452,Full,7,Semi,578366,66024,164044,Excellent,29165,3,No,Easy,Yes,Yes,7,552,413375
F165,43,Graduate,4.94,Owned,673425,Pulses,3444,3923,Partial,7,Semi,465898,3712,182439,Fair,115142,0,Yes,Hard,Yes,No,6,669,476379
F166,43,Primary,3.92,Owned,500674,Cotton,1710,1828,Full,6,Full,262396,83360,189999,Good,93680,2,No,Moderate,No,Yes,5,516,246090
F167,27,Primary,1.13,Owned,199719,Maize,1961,2037,Full,7,None,325049,6471,81348,Poor,1177,0,No,Hard,Yes,No,5,477,156446
F168,47,None,2.34,Leased,359309,Cotton,2763,2990,Partial,8,None,312781,59889,128714,Good,24596,2,No,Hard,Yes,No,4,468,196586
F169,35,Secondary,1.07,Owned,170324,Soybean,2147,2547,None,5,Full,472494,45379,96413,Excellent,137084,3,Yes,Easy,No,No,6,613,246279
F170,59,None,3.56,Leased,485505,Millet,2692,3071,Full,4,Semi,547907,64157,158177,Poor,12289,0,No,Hard,No,No,6,388,250602
F171,34,Graduate,4.72,Leased,879642,Wheat,2286,2524,None,9,None,172588,63646,53654,Fair,18743,0,No,Easy,No,Yes,3,595,391298
F172,31,None,2.67,Owned,332711,Pulses,2107,2201,Full,8,Semi,338976,21675,121031,Good,42668,1,Yes,Moderate,No,No,4,658,276231
F173,33,Secondary,1.02,Leased,168737,Maize,2300,2680,Full,4,None,137384,81929,177959,Excellent,76153,0,No,Moderate,Yes,Yes,6,578,110586
F174,51,Secondary,9.15,Owned,1572253,Maize,1719,1834,Partial,7,Semi,351459,55826,188299,Poor,36041,0,Yes,Easy,Yes,Yes,3,636,764675
F175,59,Secondary,7.9,Leased,1307299,Millet,2462,2649,Partial,6,Semi,117633,94880,67014,Good,80532,0,No,Hard,Yes,No,7,583,519209
F176,56,Secondary,1.21,Leased,140376,Pulses,3466,3750,Full,5,Full,157993,74696,57421,Fair,17727,2,No,Hard,Yes,No,6,336,62657
F177,43,Primary,7.08,Owned,935388,Wheat,1998,2002,None,6,Full,510841,33893,126329,Good,31007,2,Yes,Hard,No,No,6,616,556798
F178,57,Graduate,1.71,Leased,296478,Maize,2922,2981,Partial,5,None,334565,68008,175926,Fair,115395,0,No,Hard,Yes,Yes,2,477,188129
F179,45,Primary,8.49,Leased,1448283,Maize,3475,3371,None,8,Semi,265575,73794,95113,Good,74069,1,Yes,Easy,Yes,Yes,3,665,712322
F180,47,Graduate,9.95,Leased,1186049,Wheat,2232,2675,Partial,8,Semi,415507,97543,181733,Fair,95673,3,Yes,Moderate,Yes,No,6,446,446433
F181,54,Primary,2.58,Owned,285157,Soybean,2016,1917,Full,3,None,224982,68619,96479,Excellent,141826,3,No,Easy,Yes,No,7,514,163882
F182,25,Graduate,3.11,Leased,484917,Cotton,1629,1951,Partial,3,Full,313277,98452,194467,Excellent,121237,1,No,Easy,Yes,No,2,574,286352
F183,38,Secondary,6.48,Leased,717329,Maize,2523,2807,None,6,Full,219264,5782,174481,Excellent,35585,2,Yes,Moderate,Yes,No,2,576,337173
F184,47,Secondary,5.98,Owned,927581,Millet,1834,1869,Full,4,Full,136035,64977,140373,Poor,83362,1,Yes,Moderate,No,Yes,4,435,289170
F185,42,Graduate,6.17,Owned,1054891,Soybean,1243,1196,None,7,Full,134594,76957,95033,Good,63133,1,No,Hard,No,Yes,7,608,452004
F186,39,Graduate,2.27,Owned,299072,Cotton,1947,2230,Partial,7,Semi,386370,6721,70609,Fair,130513,1,No,Moderate,No,No,5,532,227909
F187,57,None,6.16,Owned,1197953,Maize,2560,2745,Full,6,Semi,304894,5901,81055,Fair,145788,3,Yes,Hard,No,No,4,483,453671
F188,58,Graduate,9.58,Leased,1182449,Cotton,2048,2252,Full,7,None,336513,17347,197992,Good,31822,3,Yes,Hard,Yes,Yes,6,486,461384
F189,37,Primary,5.95,Leased,642403,Rice,1127,1160,Full,9,None,264685,28179,105099,Excellent,35262,1,Yes,Moderate,No,Yes,6,681,386079
F190,55,Primary,1.16,Owned,186232,Millet,2083,2102,Partial,5,None,572580,42913,147033,Good,104792,1,No,Hard,No,Yes,7,576,273172
F191,33,Secondary,9.95,Owned,1456003,Wheat,2950,3270,Partial,9,Full,290546,44936,78141,Excellent,140146,2,No,Hard,Yes,No,5,689,752107
F192,53,None,6.56,Leased,963342,Rice,2638,2555,Partial,6,Full,460867,12411,107009,Excellent,146494,0,No,Easy,Yes,Yes,5,716,637333
F193,51,Secondary,4.64,Leased,923689,Rice,3044,3063,None,6,None,389749,99853,81174,Good,141028,0,Yes,Hard,Yes,Yes,7,638,523733
F194,45,None,9.67,Leased,1572786,Pulses,1385,1302,None,8,Semi,334213,73294,74022,Poor,106297,3,No,Easy,Yes,Yes,6,336,400469
F195,45,Secondary,2.94,Leased,360855,Soybean,3009,2925,Partial,7,Full,200689,47076,181743,Good,163,0,No,Easy,No,Yes,4,603,211631
F196,50,Graduate,3.39,Leased,375049,Soybean,1702,1786,Full,8,Full,204131,25121,178563,Fair,37487,3,No,Hard,No,No,3,337,121989
F197,45,Graduate,5.28,Leased,602215,Wheat,2459,2847,None,4,Full,479504,53352,53191,Fair,90536,0,No,Hard,No,Yes,3,493,333304
F198,45,Primary,4.94,Leased,524489,Wheat,2120,2442,None,6,Semi,489878,92961,101399,Poor,7099,2,No,Moderate,No,Yes,6,300,190193
F199,32,None,2.35,Leased,305760,Millet,3496,3611,Partial,7,None,349031,60920,113530,Good,7788,2,No,Easy,No,Yes,4,494,202166
F200,55,Secondary,1.11,Leased,203782,Rice,1147,1286,None,8,Full,148355,9866,175426,Poor,64027,2,No,Hard,No,Yes,4,300,66025
F201,56,Graduate,4.71,Leased,830349,Cotton,2343,2406,Partial,6,Semi,517104,17630,111063,Fair,127896,0,Yes,Hard,No,No,3,586,493504
F202,38,Secondary,7.01,Leased,1339428,Pulses,2827,3065,None,3,Semi,552776,78040,173257,Excellent,86205,2,Yes,Easy,No,No,3,632,747420
F203,26,Secondary,3.9,Owned,724101,Maize,1651,1720,Partial,8,Semi,330156,39071,162990,Excellent,69519,3,Yes,Moderate,Yes,Yes,5,635,418408
F204,42,Secondary,2.41,Leased,281741,Rice,1782,1663,None,9,Semi,276072,22168,120119,Good,38714,1,No,Hard,Yes,Yes,5,534,186170
F205,56,Primary,4.5,Leased,798412,Wheat,3461,4078,Partial,5,Semi,461133,84080,127794,Fair,30841,3,No,Easy,Yes,Yes,7,379,298354
F206,42,Graduate,8.75,Leased,1542380,Pulses,1779,2091,Full,7,None,259116,15997,129751,Good,98605,3,Yes,Easy,Yes,No,7,533,600123
F207,46,Graduate,7.99,Owned,915422,Cotton,2759,2629,None,8,Semi,317322,58712,93541,Poor,23387,0,No,Easy,Yes,Yes,6,566,436083
F208,51,Primary,2.48,Leased,406789,Cotton,1212,1354,Partial,4,Full,144638,91598,70567,Good,57804,1,Yes,Moderate,No,Yes,4,501,172665
F209,43,Primary,7.82,Owned,1305251,Rice,1514,1497,Full,9,Semi,282684,29725,186998,Good,104555,2,Yes,Moderate,Yes,Yes,2,653,648075
F210,40,None,7.85,Owned,1018977,Pulses,3183,3305,Full,3,None,155147,91396,88787,Poor,21727,3,Yes,Hard,Yes,Yes,3,310,227486
F211,51,Primary,6.92,Leased,1162947,Pulses,2428,2719,Partial,5,Full,176865,31656,117695,Fair,117235,3,No,Moderate,Yes,No,7,324,271311
F212,58,Primary,8.63,Owned,956247,Millet,3256,2941,None,7,None,189464,15379,167322,Poor,100082,2,No,Moderate,No,No,7,376,269242
F213,28,Graduate,8.89,Owned,1623465,Pulses,3179,3228,Partial,6,Semi,118313,66549,164914,Good,23705,0,No,Hard,No,No,7,681,741344
F214,28,None,4.71,Owned,480528,Rice,1870,1684,None,6,None,133848,37804,196451,Good,27766,2,Yes,Moderate,No,Yes,5,556,213495
F215,28,Secondary,5.59,Leased,945391,Pulses,1335,1291,None,8,Semi,209079,65697,66029,Good,145298,2,Yes,Hard,Yes,Yes,5,530,382418
F216,48,Primary,8.43,Owned,1424046,Wheat,2901,2740,None,7,Full,424683,66077,63428,Good,141330,3,No,Hard,Yes,No,6,531,613546
F217,42,Secondary,2.33,Owned,300229,Maize,3160,3255,Partial,9,Full,232723,50288,134730,Excellent,27386,2,Yes,Easy,No,Yes,4,721,240161
F218,30,None,7.6,Leased,924319,Rice,2836,2699,Partial,6,Full,411955,30447,178046,Poor,84045,3,Yes,Hard,Yes,Yes,4,300,250551
F219,34,Graduate,7.66,Owned,792587,Wheat,1836,1754,Partial,4,Full,146850,54220,143808,Excellent,137469,1,Yes,Easy,Yes,No,6,717,420985
F220,43,Primary,7.28,Leased,1383971,Rice,2900,3290,None,4,Full,387266,70553,144788,Good,62812,3,Yes,Easy,No,Yes,6,494,546869
F221,50,None,5.33,Owned,667737,Cotton,3308,3677,None,6,Full,260381,15078,55105,Excellent,117666,0,No,Hard,Yes,No,2,723,419393
F222,55,Graduate,1.06,Owned,120302,Millet,1685,1824,None,6,Semi,507191,62424,95603,Good,132503,3,Yes,Hard,Yes,Yes,3,510,200013
F223,52,Primary,3.54,Leased,619397,Cotton,1902,1852,None,8,Full,248087,50057,190905,Fair,7896,0,Yes,Hard,No,No,7,585,317173
F224,44,Graduate,1.59,Owned,311709,Rice,2251,2048,Partial,4,None,380825,50026,153864,Excellent,146964,3,Yes,Hard,No,No,3,556,240655
F225,35,Primary,4.7,Owned,929650,Soybean,2422,2195,Full,6,Semi,351351,77454,115428,Fair,50601,1,No,Hard,No,Yes,5,549,439543
F226,45,Graduate,8.09,Owned,992392,Soybean,2336,2448,Partial,4,Semi,390372,34521,172788,Fair,97239,0,No,Moderate,Yes,Yes,4,583,503844
F227,57,Graduate,3.78,Owned,613463,Cotton,1383,1646,Partial,4,None,260372,24259,141006,Excellent,146424,2,No,Hard,Yes,No,7,569,310757
F228,58,Graduate,6.05,Owned,980293,Wheat,2687,2510,None,6,Semi,254553,18474,105718,Fair,44629,0,Yes,Moderate,No,Yes,2,652,503199
F229,34,None,6.52,Leased,982361,Rice,1197,1381,Full,7,None,488612,83457,64357,Excellent,111672,1,Yes,Moderate,Yes,No,3,687,631599
F230,46,Secondary,5.16,Leased,1011932,Soybean,1434,1570,Full,6,Full,174071,57326,80651,Poor,70202,1,Yes,Moderate,Yes,Yes,4,394,292053
F231,45,Primary,1.47,Leased,162876,Pulses,1959,1962,Partial,6,Full,305977,63870,59283,Fair,78707,1,Yes,Hard,Yes,No,6,474,138897
F232,52,Graduate,6.94,Owned,797676,Millet,1781,1730,Partial,4,Semi,391262,81816,63565,Excellent,91179,0,Yes,Easy,No,Yes,3,804,597441
F233,43,None,5.48,Leased,664466,Rice,2814,3226,Partial,7,Full,326058,2551,121947,Excellent,61001,3,No,Hard,No,Yes,5,487,301490
F234,33,None,8.14,Leased,1432143,Soybean,1484,1618,None,9,None,271918,87983,87991,Good,138043,3,No,Hard,Yes,No,7,466,496307
F235,27,None,8.14,Leased,1503799,Soybean,1847,2137,None,5,Full,310545,1898,54135,Fair,137701,0,No,Easy,Yes,Yes,5,574,650895
F236,28,None,2.82,Leased,533225,Wheat,1612,1805,Full,8,Semi,373349,55661,174661,Poor,5906,3,No,Hard,Yes,No,2,300,169982
F237,45,Secondary,8.23,Owned,1487037,Soybean,2152,2206,Full,8,None,219052,56481,51283,Good,33691,1,Yes,Hard,Yes,Yes,3,704,750679
F238,28,None,4.85,Leased,525924,Millet,2560,2375,None,3,Semi,454195,24217,82994,Fair,146108,3,No,Hard,Yes,Yes,6,300,183772
F239,35,None,3.67,Owned,718090,Millet,1645,1831,None,4,Full,545358,26475,199960,Poor,43732,3,Yes,Hard,No,Yes,3,348,274799
F240,45,None,8.37,Leased,841913,Soybean,1475,1560,None,6,Full,316823,91353,145648,Poor,25556,2,No,Moderate,Yes,Yes,5,300,217263
F241,35,Secondary,9.15,Owned,1573671,Millet,1942,1859,Full,3,Full,446390,76975,131557,Fair,137488,0,Yes,Moderate,No,No,5,651,821912
F242,40,None,5.24,Owned,737362,Rice,1930,1755,None,4,Semi,232161,37346,191559,Poor,155,2,No,Moderate,Yes,No,7,330,199964
F243,47,Primary,8.7,Owned,1120516,Millet,3048,3508,Partial,9,None,306402,98745,137960,Poor,63278,1,Yes,Moderate,No,No,6,538,479801
F244,38,None,1.3,Owned,251955,Maize,1948,2134,Partial,6,None,575595,23952,103798,Excellent,98696,2,No,Hard,Yes,No,5,615,318089
F245,51,Primary,6.98,Leased,770934,Wheat,2138,2506,Partial,9,None,158810,83297,196295,Excellent,133669,1,No,Hard,No,No,5,622,361437
F246,38,Graduate,4.43,Leased,509613,Cotton,2682,3199,Full,5,Semi,370931,8472,111709,Good,34518,1,No,Hard,No,No,2,495,272418
F247,52,Graduate,3.63,Owned,418473,Rice,2449,2717,None,6,Full,569164,48454,78365,Poor,11002,3,No,Moderate,Yes,No,2,317,195675
F248,41,Secondary,3.53,Owned,537061,Wheat,1397,1348,Full,8,Full,542632,59711,187888,Fair,77175,3,No,Easy,No,Yes,2,497,335379
F249,38,Secondary,8.42,Leased,1642135,Rice,2762,2673,Partial,8,Semi,329416,71363,58259,Fair,128775,1,Yes,Easy,Yes,Yes,2,618,761511
F250,40,Secondary,3.97,Leased,614829,Pulses,2655,2537,Partial,7,None,174813,97136,101631,Excellent,9885,3,No,Hard,Yes,Yes,4,472,232944
F251,45,None,3.41,Leased,440452,Rice,2585,2771,None,7,Full,572367,58643,94900,Good,138923,0,Yes,Moderate,Yes,No,6,647,409558
F252,41,Primary,1.84,Leased,341202,Millet,2928,3223,Full,4,Full,412023,59871,82174,Poor,137653,3,No,Hard,No,No,7,300,141229
F253,45,Primary,7.96,Owned,1008126,Pulses,1819,1879,None,5,None,339141,96019,128002,Fair,28803,2,No,Hard,Yes,Yes,5,477,401653
F254,46,Secondary,1.94,Leased,363643,Rice,3123,3267,None,6,Semi,493409,17569,61190,Good,62824,0,No,Easy,Yes,No,7,614,328893
F255,30,None,1.64,Owned,318004,Maize,2936,2677,None,4,None,235450,40583,162082,Excellent,85371,1,Yes,Easy,No,No,2,705,243865
F256,59,None,5.05,Owned,720150,Soybean,1866,1789,Full,7,Full,294387,96055,187868,Fair,86716,1,Yes,Hard,Yes,Yes,2,596,377915
F257,57,Secondary,1.07,Owned,169655,Pulses,2159,1966,Partial,4,Semi,458182,16724,53828,Fair,116656,3,Yes,Moderate,No,No,7,418,164022
F258,48,Primary,4.57,Leased,755571,Millet,3429,3371,None,7,Full,170448,4648,180576,Poor,33623,0,Yes,Moderate,No,No,4,458,265072
F259,35,Primary,8.92,Leased,1332059,Millet,2574,2697,None,8,Semi,181554,21386,133276,Poor,52781,0,No,Hard,Yes,Yes,2,452,427595
F260,36,None,4.51,Owned,488027,Maize,1583,1855,None,7,None,299919,22432,184393,Good,81348,3,No,Moderate,Yes,No,2,475,233921
F261,44,Primary,6.73,Leased,1205948,Rice,3478,3192,Partial,4,Full,539953,69569,88211,Fair,3744,2,Yes,Moderate,Yes,No,5,464,506311
F262,44,Primary,4.32,Leased,855092,Maize,2774,2845,Partial,3,Full,464256,16715,195448,Excellent,61350,1,Yes,Hard,No,Yes,6,621,512071
F263,34,Primary,7.11,Owned,1078224,Wheat,2842,3063,Partial,8,None,571249,70194,126917,Poor,64200,0,No,Hard,Yes,No,5,557,574222
F264,27,Secondary,2.55,Leased,408147,Pulses,1628,1905,None,8,Semi,303047,22785,144475,Poor,2282,0,No,Easy,No,No,6,460,204468
F265,55,Graduate,4.59,Leased,634539,Cotton,2236,2554,None,3,None,304054,50583,88392,Fair,7461,3,No,Hard,Yes,No,6,300,175986
F266,54,Primary,7.23,Leased,985217,Soybean,1374,1460,Partial,6,None,455691,42849,150127,Poor,148930,2,Yes,Hard,No,No,5,357,321502
F267,56,None,6.21,Leased,958277,Maize,3070,3056,None,4,None,345754,66677,133555,Good,128379,0,Yes,Moderate,No,No,3,606,493901
F268,25,None,2.5,Owned,441770,Soybean,1006,948,Partial,3,None,577742,44179,167961,Good,40379,1,Yes,Hard,No,No,5,612,389963
F269,35,Secondary,1.06,Owned,152654,Rice,2502,2846,Partial,3,None,373264,8767,72852,Good,79239,1,No,Easy,Yes,No,5,565,185714
F270,29,Graduate,6.22,Leased,1213148,Maize,2054,2272,Partial,8,None,404503,19799,148746,Poor,120906,0,No,Easy,No,Yes,5,505,510571
F271,51,Primary,1.89,Leased,203358,Cotton,3037,3576,None,4,None,308434,26417,199765,Good,120956,2,Yes,Moderate,Yes,No,6,444,142022
F272,59,Secondary,3.6,Leased,367808,Soybean,3172,3207,Partial,9,None,254245,30403,187416,Poor,18800,0,Yes,Easy,No,No,6,517,201000
F273,56,Graduate,6.46,Owned,742725,Millet,2523,2294,Partial,8,Full,210659,27716,184308,Poor,146920,0,No,Moderate,No,Yes,6,500,297932
F274,27,Secondary,5.88,Leased,1098595,Cotton,2402,2766,None,4,Full,240641,56882,180544,Good,340,1,No,Easy,Yes,Yes,5,538,450318
F275,25,Graduate,3.12,Leased,312430,Wheat,1358,1444,None,6,Semi,523870,25879,131532,Excellent,55778,0,Yes,Hard,Yes,Yes,3,705,368494
F276,42,None,5.4,Owned,885178,Wheat,3320,3719,None,8,Semi,277912,44695,134754,Good,77988,2,No,Moderate,Yes,Yes,6,568,412896
F277,43,Graduate,2.33,Owned,420304,Wheat,1656,1843,Full,9,Semi,270047,1140,76421,Poor,1708,2,Yes,Hard,No,Yes,5,442,190709
F278,29,Graduate,1.34,Owned,194017,Rice,3442,3665,Full,3,Full,494423,46099,116093,Excellent,48651,1,No,Moderate,No,No,2,621,267200
F279,30,Secondary,9.54,Leased,1526504,Soybean,2771,3121,None,9,Semi,440662,72805,172813,Good,79063,2,No,Hard,No,No,4,551,677442
F280,51,None,5.6,Owned,942726,Pulses,2714,3170,Full,4,None,514299,18354,72190,Good,6142,2,Yes,Hard,No,Yes,5,588,535456
F281,41,Graduate,8.26,Leased,1267166,Wheat,2863,3310,None,3,Full,293392,15072,152239,Fair,111431,2,No,Easy,Yes,Yes,7,412,401843
F282,40,None,3.3,Leased,414209,Pulses,2724,3208,None,4,Semi,258175,36188,186917,Fair,118325,1,Yes,Easy,Yes,No,3,490,205917
F283,48,Graduate,6.69,Owned,670846,Wheat,2999,3436,Full,5,Full,149847,58653,106622,Fair,27810,2,Yes,Easy,No,Yes,3,532,272880
F284,25,Secondary,7.09,Owned,971159,Maize,1541,1393,Partial,6,Full,263864,9764,170356,Good,42727,3,Yes,Moderate,No,Yes,6,532,410645
F285,26,None,8.4,Leased,1185744,Millet,1256,1449,Full,9,None,545543,93718,127064,Excellent,21281,1,Yes,Easy,No,Yes,7,777,840756
F286,59,Graduate,4.67,Owned,507185,Pulses,3014,2772,None,5,Full,141869,32955,111388,Poor,10207,1,Yes,Moderate,Yes,No,6,434,176055
F287,41,Primary,9.6,Leased,1671216,Soybean,2551,2817,Partial,9,Full,243521,89833,161041,Good,116185,0,Yes,Moderate,Yes,No,5,707,846074
F288,51,None,8.77,Leased,1477630,Pulses,2238,2638,None,8,Full,463228,23782,78454,Fair,67904,0,Yes,Easy,No,Yes,2,686,832142
F289,43,Primary,2.97,Owned,402720,Millet,2556,2464,None,3,Semi,486328,30750,66566,Fair,138262,3,No,Hard,Yes,Yes,7,366,203369
F290,44,Primary,5.09,Leased,964916,Cotton,2479,2643,None,4,None,574125,31921,154859,Poor,147309,3,No,Moderate,No,No,6,300,288570
F291,37,Secondary,8.24,Owned,1203872,Maize,2053,2168,None,5,None,433270,56071,124763,Good,143309,1,No,Hard,No,Yes,3,611,625183
F292,39,Graduate,8.41,Leased,1251122,Soybean,2098,2059,Partial,3,Full,154238,58608,139081,Excellent,50961,3,Yes,Easy,No,No,7,530,465525
F293,30,None,7.36,Owned,942006,Millet,2111,2431,None,7,Semi,180811,55103,156122,Good,19008,2,No,Easy,No,No,4,589,413337
F294,42,Secondary,6.08,Owned,643221,Pulses,1427,1529,None,9,Full,584146,43148,141218,Poor,133296,1,Yes,Easy,Yes,No,5,578,443386
F295,57,None,7.08,Leased,937682,Wheat,1470,1540,None,6,Semi,192122,44760,73478,Excellent,127881,2,No,Hard,Yes,Yes,6,529,373541
F296,35,None,7.42,Owned,856060,Millet,2124,2527,Partial,3,Full,455779,54040,125357,Poor,78356,3,No,Hard,Yes,Yes,4,300,245969
F297,52,None,6.71,Leased,1119576,Maize,1912,1927,Full,3,Full,166914,67055,137697,Fair,106239,1,Yes,Hard,No,Yes,4,462,371473
F298,42,None,4.33,Owned,756100,Rice,2478,2800,Partial,7,None,256044,26654,131423,Fair,29320,0,Yes,Hard,No,Yes,7,656,414979
F299,47,Secondary,5.25,Owned,707558,Millet,3016,3434,Full,7,Semi,314764,57505,135896,Good,18135,3,No,Moderate,No,No,5,490,313086
F300,45,Graduate,7.65,Owned,1243056,Soybean,3373,3688,Full,6,None,409735,62261,104336,Excellent,74083,0,No,Easy,No,Yes,5,809,835692
F301,34,Secondary,1.39,Owned,240492,Millet,3096,2889,Partial,7,Full,162507,57134,183172,Good,28172,0,No,Moderate,No,No,7,631,158932
F302,49,Secondary,4.04,Leased,577578,Wheat,1397,1430,Partial,5,None,593678,51813,104131,Excellent,12828,2,Yes,Hard,Yes,No,2,592,433364
F303,52,Primary,9.67,Owned,1790680,Wheat,3277,3698,None,9,Full,438384,77403,52745,Fair,55243,2,No,Hard,No,No,7,585,815001
F304,58,Secondary,1.15,Leased,197057,Wheat,3222,3679,Full,7,Semi,443173,93574,80431,Fair,148980,0,Yes,Hard,Yes,No,2,561,224480
F305,37,None,7.65,Owned,1162455,Millet,3059,2754,Full,9,Full,549763,64110,166895,Poor,4426,3,No,Easy,Yes,Yes,2,437,467649
F306,28,Primary,6.46,Leased,827855,Cotton,2479,2385,None,5,None,325180,2204,142769,Good,87265,3,Yes,Moderate,No,No,6,434,312760
F307,33,Primary,7.73,Owned,1152287,Cotton,2241,2408,None,9,Semi,242980,26423,124707,Poor,61215,3,No,Easy,No,No,7,403,351432
F308,50,Graduate,4.29,Owned,593984,Pulses,2113,2025,Partial,3,Full,408617,96762,156956,Good,118452,3,Yes,Moderate,Yes,Yes,5,479,300153
F309,48,Graduate,4.49,Leased,782238,Cotton,2072,2453,Partial,8,Semi,175451,18990,140270,Poor,80360,1,No,Moderate,No,No,3,362,216677
F310,35,Secondary,7.21,Owned,838097,Wheat,3052,3202,Full,8,Semi,593216,76721,97118,Good,84703,0,No,Moderate,Yes,Yes,3,716,640512
F311,34,None,7.12,Owned,904781,Rice,3493,3625,Full,8,Full,429612,44254,117293,Excellent,96258,1,No,Moderate,No,Yes,7,723,602978
F312,57,None,5.01,Leased,887907,Wheat,1492,1365,None,3,Semi,587151,72010,97153,Good,108042,2,No,Hard,No,No,5,442,407484
F313,50,Primary,6.93,Owned,889313,Millet,3319,3620,None,8,Semi,451224,5451,137178,Poor,63761,2,Yes,Easy,Yes,No,7,506,423944
F314,53,None,6.6,Leased,863761,Rice,2413,2309,Partial,5,None,360220,28001,84064,Fair,14122,0,No,Moderate,No,Yes,3,513,392438
F315,56,Primary,9.7,Owned,1054496,Soybean,3409,3555,None,6,None,211086,63069,151971,Excellent,93783,1,Yes,Hard,No,Yes,7,729,576630
F316,52,Primary,8.7,Owned,1110911,Pulses,1136,1307,Partial,6,Full,267849,19710,158714,Good,128727,1,Yes,Hard,Yes,Yes,5,655,564429
F317,51,Graduate,2.6,Leased,312057,Rice,1943,1804,Full,3,Full,333820,85867,133596,Excellent,66732,1,No,Hard,No,No,5,530,213946
F318,25,Secondary,3.6,Owned,506502,Wheat,1666,1976,Partial,3,Full,192764,53574,135744,Excellent,28482,3,Yes,Moderate,No,Yes,5,538,235128
F319,53,Graduate,7.79,Leased,807791,Soybean,1273,1524,Partial,6,Full,575828,66641,113811,Fair,63232,1,Yes,Hard,Yes,Yes,3,534,461782
F320,29,Graduate,9.26,Owned,1834720,Soybean,2289,2636,None,4,Full,191328,87440,93361,Poor,34540,0,No,Moderate,Yes,Yes,6,499,631873
F321,45,Secondary,4.88,Owned,764086,Soybean,1650,1763,Partial,5,Full,291051,76057,158946,Fair,66668,3,Yes,Hard,No,Yes,3,448,295438
F322,44,Graduate,9.03,Owned,1461451,Wheat,1461,1656,Full,9,None,410001,20700,143330,Good,144941,3,Yes,Hard,Yes,No,7,611,714660
F323,25,Graduate,1.64,Leased,215750,Millet,2913,3443,None,5,Semi,453646,45095,195342,Fair,15523,1,Yes,Hard,No,No,6,480,200818
F324,47,Primary,7.94,Leased,1411739,Soybean,1289,1498,None,7,None,107415,88691,198036,Excellent,37044,1,No,Easy,Yes,Yes,2,664,630448
F325,34,None,1.0,Owned,103832,Millet,1699,1795,Partial,9,None,474374,85076,88402,Poor,38578,1,No,Hard,Yes,No,5,455,164427
F326,29,None,9.7,Leased,1794781,Wheat,2534,2767,Partial,7,Full,193526,51001,107649,Fair,144228,0,Yes,Moderate,No,No,4,616,765498
F327,40,Graduate,3.44,Leased,651095,Cotton,1495,1750,Full,8,None,128884,90421,52708,Poor,18375,0,No,Hard,No,No,4,414,201819
F328,33,Graduate,4.73,Leased,777730,Wheat,3079,2925,None,3,None,415018,69087,62297,Excellent,27128,0,No,Moderate,Yes,No,5,624,465171
F329,25,Primary,9.54,Owned,1707259,Wheat,1152,1081,Full,9,None,535928,2610,127603,Fair,33872,0,No,Hard,Yes,Yes,3,712,998218
F330,47,Secondary,7.27,Leased,779802,Maize,2914,3325,Full,4,None,526150,33276,151968,Good,13050,0,Yes,Easy,Yes,Yes,6,660,538705
F331,27,Secondary,2.28,Leased,369407,Millet,1261,1386,None,3,None,403664,25675,199359,Fair,174,0,Yes,Moderate,No,No,2,513,247865
F332,28,None,3.81,Owned,667607,Cotton,2567,2608,None,4,Full,403472,70482,74618,Excellent,34675,2,Yes,Moderate,Yes,No,7,641,429101
F333,28,None,7.33,Leased,1102761,Wheat,1673,1725,Partial,5,Full,578108,85842,120533,Good,103591,2,Yes,Moderate,No,Yes,6,532,558888
F334,59,Graduate,5.54,Owned,771134,Pulses,1389,1299,Full,5,None,397675,52815,54986,Poor,32298,1,No,Hard,Yes,Yes,2,421,307542
F335,46,None,2.42,Owned,282740,Rice,3475,3429,Partial,5,Full,317400,85988,177815,Poor,127426,1,Yes,Easy,Yes,No,4,474,177791
F336,57,Graduate,6.65,Leased,1022417,Soybean,1463,1388,Full,3,Semi,187051,19581,109722,Excellent,92036,2,Yes,Easy,Yes,No,5,580,438432
F337,38,None,6.59,Leased,787847,Pulses,1516,1697,None,7,Full,597781,887,81802,Excellent,85024,1,No,Moderate,No,Yes,3,639,553385
F338,26,Primary,4.89,Owned,889676,Soybean,1725,1724,None,8,None,184526,7846,96220,Good,46163,1,No,Easy,Yes,Yes,7,660,443108
F339,44,None,8.03,Owned,1527619,Wheat,2845,3073,Full,7,Semi,351671,55633,101913,Fair,94776,3,Yes,Moderate,Yes,Yes,3,521,611943
F340,29,Primary,5.05,Owned,1002450,Cotton,3064,2852,None,6,Semi,256989,62120,183060,Good,110041,3,Yes,Hard,No,No,2,530,417189
F341,49,Primary,2.84,Owned,533147,Wheat,3434,3302,Full,5,None,534383,71291,126361,Poor,88229,1,No,Moderate,Yes,No,3,420,280226
F342,44,Primary,6.43,Leased,1033365,Millet,1218,1123,None,5,Semi,430280,64619,111842,Excellent,26990,1,No,Moderate,Yes,No,7,608,556185
F343,34,Secondary,6.77,Owned,1230312,Millet,2157,2103,None,3,Semi,473216,94767,104330,Poor,51707,1,Yes,Hard,Yes,Yes,6,471,501476
F344,39,Graduate,2.57,Owned,263789,Millet,2177,2252,Full,5,Semi,465205,2994,175844,Good,99575,1,Yes,Hard,Yes,No,5,619,282029
F345,28,None,7.31,Leased,1135067,Cotton,1283,1396,Partial,9,Full,313808,65618,51920,Excellent,106121,3,No,Moderate,Yes,No,2,537,486278
F346,41,Secondary,8.56,Leased,966466,Rice,3309,3947,None,4,None,182289,84021,128513,Excellent,138746,0,No,Hard,No,Yes,2,619,444424
F347,33,Primary,4.91,Leased,788968,Soybean,1643,1692,None,5,None,190009,68498,94816,Fair,4138,0,Yes,Easy,Yes,Yes,2,583,356714
F348,47,None,3.18,Leased,351234,Wheat,2516,2333,Partial,9,None,425087,95667,104318,Excellent,103423,2,Yes,Moderate,Yes,Yes,2,619,300339
F349,27,Secondary,2.93,Owned,307764,Maize,1801,1654,Full,8,None,281561,83104,136346,Excellent,67087,1,No,Hard,No,No,7,680,250463
F350,43,Graduate,9.56,Owned,1833464,Wheat,2361,2695,Partial,6,None,500826,43326,64924,Good,113143,1,Yes,Easy,No,Yes,4,756,1102952
F351,32,Graduate,6.55,Owned,1290926,Maize,2014,2258,Partial,5,Semi,583821,82409,73248,Good,8024,2,No,Moderate,No,No,2,577,676080
F352,42,Primary,8.79,Owned,1048611,Cotton,2717,3146,Full,5,Semi,463265,20025,185530,Fair,63610,3,Yes,Hard,Yes,No,7,480,453562
F353,52,None,4.85,Owned,695620,Millet,2642,3119,Partial,4,None,255489,81982,156133,Fair,10751,2,Yes,Moderate,Yes,Yes,3,489,290682
F354,48,Graduate,1.2,Leased,226602,Millet,1255,1282,None,6,Full,393851,68814,188368,Fair,35842,1,Yes,Easy,No,No,7,528,204749
F355,53,Primary,6.9,Owned,1081257,Pulses,2637,2499,Full,7,Semi,200336,35529,163499,Excellent,149524,1,No,Easy,Yes,Yes,4,731,585527
F356,25,Graduate,8.33,Leased,1358281,Pulses,1802,2057,Partial,6,Semi,102187,77243,85098,Good,134678,0,Yes,Moderate,Yes,Yes,6,631,575972
F357,56,Primary,7.68,Leased,971435,Cotton,3099,3600,Full,9,Full,341503,48516,141683,Good,62061,1,No,Moderate,No,No,2,574,471016
F358,33,None,5.55,Leased,1025495,Rice,3144,3130,Partial,8,None,213650,59500,134514,Fair,56358,1,No,Hard,No,No,2,489,378713
F359,27,None,8.73,Owned,1159815,Maize,3123,3615,Full,8,Full,106968,27518,101925,Excellent,111900,2,Yes,Easy,No,Yes,6,733,580344
F360,41,Primary,4.7,Owned,579035,Wheat,1494,1563,Partial,9,None,267527,86465,173364,Good,14955,1,Yes,Moderate,No,No,7,679,359259
F361,56,Graduate,2.45,Leased,404066,Cotton,1720,1761,None,4,Full,403602,89037,149977,Good,43939,1,No,Moderate,No,Yes,2,478,241290
F362,43,Secondary,2.91,Owned,559782,Pulses,3294,3205,Full,8,Full,407086,3453,152811,Good,54935,3,No,Easy,Yes,Yes,4,545,329339
F363,25,Primary,6.01,Leased,694359,Maize,1018,1123,None,7,None,584273,30049,186690,Excellent,132992,1,Yes,Hard,Yes,Yes,6,681,544217
F364,53,Primary,5.79,Owned,769907,Wheat,2456,2575,Full,9,None,184607,71696,111510,Good,120076,0,Yes,Easy,No,Yes,3,775,462342
F365,25,Secondary,9.06,Leased,952441,Wheat,2337,2459,Full,3,Full,136413,12816,89082,Poor,65048,2,No,Hard,Yes,Yes,6,300,204160
F366,40,Primary,4.67,Leased,637305,Cotton,3026,3348,None,3,Full,595413,42056,101831,Excellent,59191,0,Yes,Easy,Yes,Yes,6,723,557034
F367,31,Graduate,8.39,Owned,962089,Soybean,3472,3630,None,8,Full,373820,4434,168696,Poor,130830,2,No,Moderate,Yes,Yes,4,408,340656
F368,26,None,1.68,Leased,230840,Wheat,3104,3541,Partial,8,Full,151717,2763,142910,Poor,55480,3,No,Easy,Yes,No,5,300,71729
F369,37,None,8.63,Owned,1694681,Wheat,1684,1743,Full,7,None,452245,2382,129698,Poor,45095,2,Yes,Easy,Yes,No,7,532,713852
F370,55,Primary,4.37,Leased,542417,Cotton,2907,2655,Partial,5,None,483071,8026,114925,Excellent,68842,1,Yes,Hard,Yes,Yes,7,636,407631
F371,58,None,8.58,Leased,1269908,Rice,3395,3699,None,7,Full,275607,78542,104319,Poor,92067,3,Yes,Moderate,Yes,Yes,2,311,300409
F372,41,Primary,6.25,Owned,841625,Cotton,2853,3254,Partial,5,Full,163972,89791,69996,Excellent,100922,2,No,Hard,No,Yes,5,588,369556
F373,55,Graduate,2.75,Owned,370405,Rice,3448,3370,Partial,5,Full,347572,81471,95913,Fair,123683,1,Yes,Moderate,No,No,6,552,247702
F374,35,Graduate,5.87,Leased,917087,Wheat,2705,2771,Full,8,Semi,544943,60935,66999,Fair,38712,3,Yes,Moderate,Yes,No,6,448,409368
F375,39,Graduate,2.93,Leased,489793,Soybean,1649,1734,Full,3,None,415097,84481,99522,Poor,135958,1,No,Easy,No,No,7,334,188895
F376,27,Primary,8.17,Leased,953986,Soybean,3109,3443,None,8,None,374370,93405,72588,Excellent,37019,0,No,Hard,Yes,No,3,703,583646
F377,39,None,3.51,Owned,584267,Pulses,2609,2866,Partial,9,Semi,405539,24031,175814,Excellent,112599,3,Yes,Easy,Yes,Yes,3,689,426235
F378,25,Primary,7.29,Leased,730479,Wheat,1160,1194,Full,7,Semi,336094,66629,130764,Fair,108036,3,Yes,Easy,No,No,7,439,292640
F379,53,Primary,7.0,Owned,714721,Rice,1365,1592,None,9,None,374535,28901,170721,Fair,97537,3,Yes,Hard,No,No,4,513,349242
F380,44,None,8.31,Leased,1553205,Wheat,2573,2388,Partial,6,None,534474,33724,114286,Good,74842,3,No,Easy,No,Yes,6,497,648485
F381,40,None,8.72,Owned,1196628,Pulses,2698,2890,None,7,Semi,577964,63344,161603,Fair,61114,0,No,Hard,Yes,No,4,659,730910
F382,59,Graduate,4.65,Leased,531653,Wheat,1507,1652,Full,8,None,526149,43469,156609,Poor,148447,3,Yes,Easy,Yes,Yes,4,351,232055
F383,34,Graduate,1.05,Leased,153601,Soybean,1708,1980,None,5,None,176312,98371,125324,Fair,71196,2,Yes,Hard,Yes,Yes,4,386,79591
F384,47,Secondary,4.98,Owned,664033,Wheat,2299,2461,None,5,Semi,367885,72374,172564,Excellent,68798,2,No,Moderate,Yes,No,6,601,387614
F385,44,Primary,9.96,Leased,1350526,Soybean,2585,2830,Partial,8,Full,179768,25613,64026,Poor,30908,1,Yes,Hard,Yes,No,4,443,423700
F386,29,Primary,7.1,Leased,1158613,Millet,2098,1993,None,9,None,478280,570,69288,Good,78824,1,Yes,Moderate,No,No,3,646,660895
F387,36,Primary,5.99,Leased,1168289,Soybean,3240,3090,Full,8,Semi,503157,61169,179744,Good,110684,1,No,Hard,Yes,No,7,583,609033
F388,39,Secondary,1.55,Owned,162019,Maize,2135,1937,None,6,Full,265159,66677,185699,Good,134327,1,Yes,Easy,No,Yes,7,647,172740
F389,50,Primary,8.93,Leased,1119643,Rice,1944,1911,Partial,5,None,386663,22439,168570,Poor,14995,3,No,Hard,Yes,Yes,6,300,282432
F390,40,Secondary,4.81,Leased,505151,Cotton,1639,1778,None,8,None,571869,22250,139132,Excellent,59546,0,No,Easy,No,Yes,2,739,497448
F391,55,None,9.98,Leased,1425024,Pulses,2257,2499,Full,9,Semi,508376,56583,190148,Fair,69341,1,No,Moderate,Yes,Yes,5,553,668231
F392,54,Primary,4.13,Leased,436747,Soybean,1944,2139,Partial,7,Full,187954,34314,133014,Fair,117305,1,Yes,Hard,Yes,No,4,489,190924
F393,39,Secondary,5.22,Leased,689567,Pulses,1905,1757,None,7,None,512755,57124,115149,Good,26616,3,Yes,Easy,Yes,Yes,5,519,390003
F394,32,Graduate,3.51,Leased,567914,Maize,2930,2923,Partial,7,Semi,461309,55863,132569,Good,146480,3,Yes,Moderate,No,Yes,6,462,297188
F395,28,Secondary,3.72,Leased,387367,Cotton,3148,2993,None,9,Semi,400369,12453,199886,Good,149335,2,Yes,Moderate,Yes,Yes,7,536,263891
F396,56,Graduate,5.36,Owned,1015516,Maize,1010,1079,None,8,Full,372836,47295,95541,Fair,66983,3,No,Easy,No,Yes,7,504,437330
F397,41,Primary,3.81,Leased,705242,Soybean,2851,2983,Full,3,Full,578454,51934,75566,Poor,73193,0,No,Hard,No,Yes,3,384,308087
F398,49,None,3.54,Owned,499794,Soybean,1776,1700,None,4,Full,521234,54219,95991,Fair,73616,2,No,Hard,Yes,Yes,3,453,289078
F399,56,None,3.82,Owned,606883,Rice,1678,1793,Partial,3,None,579271,31379,114729,Excellent,54353,0,Yes,Moderate,No,No,2,760,563423
F400,59,None,5.43,Owned,638665,Millet,3491,3520,Partial,4,Semi,373295,71094,94739,Poor,32954,0,No,Moderate,No,No,7,457,289041
F401,30,Secondary,9.13,Leased,1762418,Pulses,1848,2116,Partial,5,Full,244972,80059,51881,Excellent,132702,1,No,Hard,No,Yes,5,620,777863
F402,52,Secondary,9.73,Owned,1422049,Cotton,2695,2651,Full,7,Semi,437629,54722,139499,Poor,6901,1,Yes,Easy,No,No,7,579,672970
F403,30,Secondary,6.43,Leased,1053934,Maize,3294,3529,Full,8,Semi,584895,11874,136402,Good,14079,2,No,Moderate,No,No,5,530,542862
F404,49,Graduate,6.01,Owned,898495,Maize,2278,2280,None,9,Full,294472,92446,79437,Good,20862,1,No,Easy,No,No,5,688,512975
F405,41,None,1.01,Owned,111986,Soybean,1275,1291,Partial,8,None,578115,45536,119504,Fair,99214,0,No,Moderate,Yes,Yes,2,618,266551
F406,32,Graduate,3.65,Leased,625558,Pulses,1108,1311,Full,5,Full,570489,66670,163892,Excellent,71128,0,Yes,Easy,No,No,3,749,559899
F407,37,None,7.84,Leased,1229547,Soybean,1912,2124,Full,4,Semi,265596,96493,145402,Excellent,30676,1,Yes,Hard,Yes,No,6,636,594319
F408,33,Graduate,1.41,Owned,272263,Pulses,2490,2700,None,6,None,479593,78388,97574,Poor,121757,0,No,Moderate,Yes,Yes,2,475,223207
F409,59,Graduate,4.94,Leased,664355,Cotton,2390,2266,Full,5,Semi,375553,69327,86639,Good,19692,1,No,Hard,No,Yes,2,504,327571
F410,25,Graduate,6.47,Owned,1018475,Millet,2690,2561,Partial,5,None,332679,52265,66061,Poor,113502,0,No,Moderate,Yes,Yes,2,483,407879
F411,30,Graduate,3.13,Owned,549239,Pulses,1423,1677,Partial,8,None,113233,90020,115727,Good,90610,1,No,Moderate,Yes,Yes,2,594,245942
F412,45,Secondary,3.55,Leased,403571,Millet,3186,3146,None,5,None,420961,91198,91830,Excellent,10234,0,No,Moderate,No,Yes,7,636,327751
F413,28,Primary,7.11,Owned,1147646,Maize,2051,2367,Full,8,Semi,483152,77475,181379,Poor,56889,3,No,Easy,No,Yes,2,412,419930
F414,59,Primary,7.36,Owned,1016666,Maize,2517,2865,Full,8,None,452103,95927,54992,Excellent,1961,1,No,Hard,No,Yes,2,735,674715
F415,28,Primary,9.42,Leased,1066862,Millet,1471,1488,Full,8,Full,275595,61576,93919,Excellent,3358,3,Yes,Hard,No,Yes,7,570,478250
F416,33,Primary,5.04,Leased,993167,Wheat,2602,2534,Full,4,None,338483,98239,180407,Poor,44041,2,Yes,Moderate,Yes,Yes,4,321,267162
F417,39,Secondary,3.65,Leased,683404,Millet,2977,3520,Full,5,None,292971,12392,94724,Excellent,32299,1,No,Hard,Yes,No,3,576,351495
F418,47,Primary,8.71,Owned,1552618,Pulses,1139,1335,None,9,Semi,106511,26177,54765,Poor,23929,0,No,Easy,No,Yes,2,592,613877
F419,57,Primary,8.77,Owned,1457249,Maize,2492,2792,Full,6,Full,544709,93326,90953,Excellent,65785,1,No,Moderate,No,Yes,5,734,918398
F420,29,Graduate,7.6,Owned,939177,Millet,1983,1854,Partial,8,Full,397584,95082,155583,Fair,56683,2,No,Hard,No,Yes,5,523,436953
F421,47,Secondary,6.23,Owned,1111955,Soybean,1738,1859,Full,5,Full,488647,56561,191449,Fair,53592,3,Yes,Moderate,Yes,No,2,486,486182
F422,53,None,1.74,Owned,181478,Cotton,1572,1782,None,7,None,510184,30266,195083,Fair,2866,1,Yes,Easy,No,No,4,634,274071
F423,32,Primary,5.79,Owned,602194,Soybean,2625,2984,Partial,9,None,522847,95676,171724,Excellent,62901,3,No,Easy,Yes,Yes,3,654,459860
F424,58,Primary,8.14,Owned,1152412,Soybean,3004,2919,Full,9,Semi,532670,1587,171688,Good,115584,2,No,Moderate,No,Yes,7,620,652969
F425,45,Graduate,3.04,Leased,534693,Maize,3432,3349,Full,9,Semi,174960,43618,97111,Fair,120592,0,No,Moderate,Yes,Yes,7,533,236403
F426,38,Graduate,2.88,Owned,313482,Wheat,1165,1211,Full,7,Semi,479653,61602,92222,Fair,49223,0,No,Easy,No,No,7,646,320228
F427,59,Primary,7.86,Owned,1174441,Cotton,2776,2728,None,6,None,587429,13269,179593,Good,122672,2,No,Easy,Yes,No,2,621,683825
F428,30,Primary,6.42,Leased,798429,Maize,1985,2029,None,5,Full,261215,29425,138209,Fair,75139,0,Yes,Easy,Yes,Yes,2,587,388756
F429,39,Graduate,7.43,Owned,1190984,Millet,3431,3334,None,5,None,153822,24042,196158,Good,148459,2,Yes,Moderate,Yes,No,2,572,480768
F430,48,Secondary,6.83,Owned,808146,Maize,2635,2910,None,7,None,385052,61584,176278,Good,113002,1,Yes,Hard,Yes,No,2,668,498160
F431,39,Graduate,5.0,Leased,806905,Maize,2151,2360,Full,9,Full,278173,69443,107530,Fair,135899,3,No,Moderate,No,No,7,376,254993
F432,27,None,2.41,Leased,461319,Wheat,3284,3655,Full,8,None,390951,70423,109550,Poor,3558,0,Yes,Moderate,Yes,No,3,481,256213
F433,40,None,8.98,Leased,1224360,Wheat,1875,2202,Partial,5,Full,381373,75209,77877,Fair,97137,0,Yes,Hard,Yes,No,6,579,581074
F434,47,None,4.86,Owned,916766,Millet,1170,1366,None,7,Semi,110589,57221,51657,Poor,98300,1,No,Moderate,No,Yes,5,426,273533
F435,42,Secondary,4.41,Owned,851473,Maize,3053,2977,Full,9,Full,150599,71545,185624,Good,140489,3,Yes,Hard,No,Yes,7,555,347593
F436,41,Primary,3.93,Owned,700601,Wheat,1834,2106,None,6,Semi,121438,58819,93856,Fair,41938,0,No,Hard,No,No,7,575,295420
F437,35,None,8.38,Owned,1621312,Maize,2216,2260,Full,7,Semi,520602,31721,104786,Excellent,13704,3,Yes,Hard,No,No,5,687,919684
F438,33,Primary,6.94,Leased,1131171,Cotton,3160,3132,Partial,9,Semi,178537,50258,197580,Good,85166,0,Yes,Easy,No,Yes,5,715,585275
F439,49,Primary,5.92,Leased,1052889,Wheat,3328,3155,None,4,Full,166253,85481,141128,Poor,127581,2,No,Easy,Yes,Yes,2,300,228589
F440,34,Primary,1.47,Owned,260416,Cotton,1115,1115,Partial,5,Semi,138346,50772,90149,Fair,86700,2,Yes,Moderate,No,Yes,2,467,116388
F441,42,Primary,3.08,Leased,325540,Wheat,3305,3893,None,8,Full,422554,90895,100705,Poor,115700,2,Yes,Moderate,No,No,3,352,164580
F442,36,Graduate,9.52,Owned,1706088,Rice,1490,1477,Full,6,Full,535532,96131,186949,Fair,39553,1,No,Moderate,Yes,Yes,4,606,849013
F443,36,Graduate,5.82,Leased,609272,Pulses,3119,3653,None,7,None,478621,28202,111692,Excellent,20855,3,Yes,Hard,Yes,No,6,552,375323
F444,53,Secondary,1.79,Owned,267141,Soybean,1719,1646,None,9,Semi,456427,15972,173805,Poor,93846,3,No,Hard,No,Yes,7,339,153305
F445,27,Secondary,7.77,Owned,1183736,Millet,2404,2482,Full,9,Semi,276355,81326,193277,Good,120243,2,No,Moderate,No,Yes,6,595,542971
F446,53,Primary,6.15,Owned,942862,Millet,3212,3623,Full,6,Semi,180152,70469,54926,Good,3969,1,No,Hard,No,Yes,3,594,416918
F447,58,Primary,1.51,Owned,181687,Maize,1044,1045,Partial,7,None,357450,83829,56364,Excellent,128867,1,Yes,Moderate,No,No,5,713,240252
F448,43,None,9.06,Leased,1508191,Millet,1840,1782,Full,8,None,327909,88302,113928,Good,41347,1,Yes,Easy,Yes,Yes,3,676,775752
F449,53,Secondary,1.41,Leased,224503,Millet,1277,1406,Full,6,Semi,327105,96844,170617,Good,39560,1,Yes,Hard,Yes,No,5,541,186512
F450,55,Primary,9.8,Owned,1744262,Wheat,3488,3669,Full,5,Semi,388350,287,72337,Poor,132233,1,Yes,Easy,No,Yes,3,554,738416
F451,55,Primary,3.97,Owned,786314,Soybean,2887,3334,Partial,5,Semi,131831,2176,153306,Good,112025,2,Yes,Hard,Yes,No,3,551,316186
F452,52,Graduate,3.28,Owned,367307,Soybean,2371,2272,None,7,None,549129,88774,148071,Fair,141842,1,No,Hard,No,Yes,4,551,315597
F453,51,Secondary,9.81,Leased,1434712,Soybean,1011,955,Partial,3,Full,446293,3009,139904,Good,145281,3,Yes,Moderate,Yes,No,7,444,521978
F454,57,None,4.86,Leased,763005,Millet,2119,2050,Full,7,Semi,133783,34152,108741,Good,107049,2,No,Moderate,No,Yes,6,451,252782
F455,51,Primary,6.85,Owned,1367013,Rice,1184,1367,None,3,Full,456687,43169,104745,Good,110168,1,Yes,Moderate,Yes,Yes,5,643,732899
F456,56,None,3.99,Owned,483057,Millet,2881,2604,None,3,None,300417,22191,136803,Excellent,118843,1,No,Hard,No,Yes,2,613,300168
F457,55,Secondary,7.06,Leased,1050549,Maize,3037,3002,Full,3,None,498413,7452,91486,Poor,14859,0,Yes,Hard,Yes,Yes,5,446,431773
F458,38,Graduate,2.49,Leased,290490,Millet,2892,3124,Partial,4,None,236319,10553,187207,Excellent,136645,3,No,Moderate,No,No,6,411,135324
F459,56,Graduate,3.64,Leased,655480,Soybean,2379,2573,Full,3,Full,127564,28835,57697,Fair,80165,2,No,Hard,Yes,No,6,326,159545
F460,55,Secondary,3.45,Owned,362457,Millet,2778,2994,Partial,8,Full,178533,58255,122684,Fair,79558,1,Yes,Easy,No,Yes,5,621,209971
F461,51,None,9.32,Owned,1211646,Wheat,1555,1702,Full,6,Full,123382,56063,117789,Fair,110634,0,No,Hard,No,No,6,597,498132
F462,47,Secondary,7.41,Owned,896276,Cotton,1082,1021,Partial,7,None,581530,43298,98924,Fair,147781,2,No,Easy,Yes,Yes,2,560,517232
F463,51,Secondary,4.46,Leased,600998,Millet,2964,3546,None,3,Full,130791,25216,114427,Excellent,112470,3,No,Moderate,Yes,No,4,402,183861
F464,50,Graduate,8.47,Owned,1510954,Millet,2367,2417,Full,5,Full,455859,50733,84754,Good,149696,2,No,Moderate,Yes,Yes,3,568,698218
F465,44,Graduate,5.29,Owned,659684,Maize,2872,3006,Partial,8,Full,169639,54383,184066,Good,47234,3,Yes,Moderate,No,No,4,537,278341
F466,33,Primary,7.0,Leased,751597,Rice,3259,3618,Partial,9,None,343459,16626,136005,Good,105573,2,Yes,Moderate,Yes,No,6,551,377109
F467,46,Graduate,8.02,Leased,1224365,Pulses,2109,2092,None,5,Full,438130,85959,52035,Good,109767,1,No,Easy,Yes,Yes,3,574,596420
F468,33,Graduate,1.97,Leased,247481,Cotton,1298,1276,None,6,Full,294999,86226,134719,Excellent,63014,2,No,Hard,No,No,5,508,172237
F469,51,Primary,5.27,Leased,820718,Millet,2802,3057,Partial,5,Full,422341,84577,144634,Fair,100211,1,Yes,Moderate,Yes,Yes,2,503,390786
F470,31,Graduate,6.52,Owned,1116432,Millet,2255,2398,None,5,Semi,188422,60739,123369,Poor,1893,1,No,Moderate,Yes,No,5,419,341708
F471,48,Graduate,4.23,Leased,845813,Maize,2444,2214,None,3,None,453548,74328,107724,Fair,86133,1,Yes,Moderate,Yes,Yes,2,478,388184
F472,31,None,9.7,Leased,1250630,Maize,2098,2473,Full,8,None,572697,76298,176299,Good,105686,0,Yes,Hard,Yes,Yes,3,704,802263
F473,53,Primary,6.26,Leased,1230853,Wheat,1312,1329,None,5,Semi,369152,48291,86386,Fair,90909,3,Yes,Hard,No,Yes,2,398,398001
F474,49,Graduate,1.96,Owned,231587,Soybean,1684,1573,None,5,Semi,376837,27241,165194,Excellent,95790,0,Yes,Hard,Yes,No,7,749,284818
F475,46,None,6.83,Owned,1105510,Rice,3264,3858,None,3,Semi,521585,31728,67576,Excellent,83384,2,Yes,Easy,Yes,Yes,6,698,709820
F476,58,Secondary,2.0,Owned,244980,Wheat,1819,1799,Full,6,Full,584240,17027,177402,Poor,74229,1,Yes,Easy,No,No,5,516,267423
F477,32,Primary,5.97,Owned,978871,Rice,1456,1353,Full,7,None,576055,12242,58947,Excellent,48785,3,No,Hard,Yes,Yes,5,609,591843
F478,55,None,8.91,Owned,994516,Cotton,1558,1808,None,6,None,186436,79376,186109,Good,28633,3,Yes,Moderate,No,No,2,526,388237
F479,36,Secondary,8.46,Leased,1466735,Soybean,2301,2400,Full,8,Semi,327107,95761,163753,Poor,131764,2,No,Easy,Yes,Yes,6,389,436127
F480,30,Primary,2.12,Owned,317137,Pulses,2881,3432,Partial,8,Semi,369355,9927,167333,Poor,76382,1,No,Moderate,No,No,6,438,187927
F481,36,Graduate,1.09,Owned,180339,Wheat,3080,2909,Full,8,Semi,150013,8346,198725,Excellent,49556,3,Yes,Moderate,Yes,No,6,591,122023
F482,42,Primary,3.52,Owned,473415,Cotton,1270,1375,Partial,5,Semi,420646,48849,153844,Fair,91321,0,No,Easy,No,No,5,616,344213
F483,28,Secondary,1.44,Owned,283151,Rice,1579,1515,Partial,3,Full,129793,39516,198929,Good,19627,2,Yes,Easy,Yes,No,7,541,139626
F484,55,Graduate,5.2,Owned,810149,Maize,2590,2523,Full,8,None,433478,75163,156719,Excellent,123099,2,Yes,Hard,Yes,Yes,2,707,549527
F485,56,Secondary,6.14,Owned,1056663,Soybean,3244,3662,None,5,Semi,478185,77606,173769,Poor,118542,2,Yes,Moderate,No,No,6,429,411531
F486,53,Graduate,1.11,Leased,189856,Millet,2362,2651,Full,9,Semi,566978,11781,186587,Poor,117358,1,No,Moderate,No,Yes,6,385,182113
F487,44,None,9.57,Leased,1771005,Rice,1903,1867,Full,9,None,450083,42674,177572,Fair,29831,2,No,Easy,No,No,6,547,759334
F488,31,Secondary,9.95,Leased,1522857,Pulses,3381,4016,Partial,9,Semi,535014,53473,94439,Excellent,14308,3,Yes,Easy,Yes,No,2,673,865591
F489,49,Graduate,3.97,Leased,597020,Rice,2645,2740,Full,4,Semi,474795,97624,80063,Fair,69453,0,Yes,Easy,Yes,Yes,5,583,390542
F490,49,Graduate,4.22,Leased,483215,Maize,1133,1252,Partial,4,Full,414557,65066,100971,Poor,113978,3,No,Moderate,Yes,No,2,300,168332
F491,33,Primary,1.5,Leased,151618,Soybean,2178,2460,Partial,6,Full,225659,59872,57235,Fair,82733,0,No,Easy,Yes,Yes,3,516,121671
F492,54,None,1.37,Leased,246357,Soybean,2815,2799,Full,7,None,562092,40644,95203,Poor,66677,1,Yes,Moderate,Yes,No,3,410,207165
F493,37,Graduate,7.1,Leased,1403307,Maize,1174,1381,Partial,4,Full,357134,69322,71650,Excellent,94242,2,No,Easy,Yes,Yes,6,581,639260
F494,48,Secondary,7.19,Owned,932607,Millet,1373,1536,None,3,Full,538976,21042,93894,Excellent,137941,2,No,Easy,Yes,Yes,7,638,586793
F495,57,None,2.75,Leased,427270,Cotton,1438,1411,None,5,Semi,244923,45747,175180,Poor,52349,0,Yes,Easy,Yes,No,6,458,192415
F496,40,Secondary,7.23,Leased,823648,Millet,1126,1153,Partial,8,Semi,226796,81533,133286,Poor,41979,1,No,Hard,Yes,Yes,7,371,243571
F497,32,Primary,2.22,Leased,321986,Maize,1418,1444,None,6,Semi,404566,51413,152484,Good,133913,3,No,Easy,No,Yes,6,419,190265
F498,47,Graduate,9.92,Leased,1094215,Cotton,2669,2686,None,5,None,280074,1375,149485,Fair,22092,2,Yes,Moderate,No,No,3,446,383083
F499,47,Secondary,6.18,Leased,1144634,Wheat,2940,3062,Partial,5,Semi,514508,3159,148162,Good,102834,1,Yes,Hard,No,Yes,3,588,609734
F500,55,Graduate,1.39,Owned,179754,Soybean,1244,1331,None,7,None,271097,94503,52159,Poor,48940,0,Yes,Hard,No,No,2,518,145963
